Element_Name,Abbreviation,BASE,GOE_-5,GOE_-4,GOE_-3,GOE_-2,GOE_-1,GOE_+1,GOE_+2,GOE_+3,GOE_+4,GOE_+5
1T,1T,0.40,-0.20,-0.16,-0.12,-0.08,-0.04,0.04,0.08,0.12,0.16,0.20
1S,1S,0.40,-0.20,-0.16,-0.12,-0.08,-0.04,0.04,0.08,0.12,0.16,0.20
1Lo,1Lo,0.50,-0.25,-0.20,-0.15,-0.10,-0.05,0.05,0.10,0.15,0.20,0.25
1Eu,1Eu,0.50,-0.25,-0.20,-0.15,-0.10,-0.05,0.05,0.10,0.15,0.20,0.25
1F,1F,0.50,-0.25,-0.20,-0.15,-0.10,-0.05,0.05,0.10,0.15,0.20,0.25
1Lz,1Lz,0.60,-0.30,-0.24,-0.18,-0.12,-0.06,0.06,0.12,0.18,0.24,0.30
1Tq,1Tq,0.40,-0.20,-0.16,-0.12,-0.08,-0.04,0.04,0.08,0.12,0.16,0.20
1Sq,1Sq,0.40,-0.20,-0.16,-0.12,-0.08,-0.04,0.04,0.08,0.12,0.16,0.20
1Loq,1Loq,0.50,-0.25,-0.20,-0.15,-0.10,-0.05,0.05,0.10,0.15,0.20,0.25
1Fq,1Fq,0.50,-0.25,-0.20,-0.15,-0.10,-0.05,0.05,0.10,0.15,0.20,0.25
1Lzq,1Lzq,0.60,-0.30,-0.24,-0.18,-0.12,-0.06,0.06,0.12,0.18,0.24,0.30
1T<,1T<,0.32,-0.16,-0.13,-0.10,-0.06,-0.03,0.03,0.06,0.10,0.13,0.16
1S<,1S<,0.32,-0.16,-0.13,-0.10,-0.06,-0.03,0.03,0.06,0.10,0.13,0.16
1Lo<,1Lo<,0.40,-0.20,-0.16,-0.12,-0.08,-0.04,0.04,0.08,0.12,0.16,0.20
1F<,1F<,0.40,-0.20,-0.16,-0.12,-0.08,-0.04,0.04,0.08,0.12,0.16,0.20
1Lz<,1Lz<,0.48,-0.24,-0.19,-0.14,-0.10,-0.05,0.05,0.10,0.14,0.19,0.24
1T<<,1T<<,0.00,0.00,0.00,0.00,0.00,0.00,0.00,0.00,0.00,0.00,0.00
1S<<,1S<<,0.00,0.00,0.00,0.00,0.00,0.00,0.00,0.00,0.00,0.00,0.00
1Lo<<,1Lo<<,0.00,0.00,0.00,0.00,0.00,0.00,0.00,0.00,0.00,0.00,0.00
1Eu<<,1Eu<<,0.00,0.00,0.00,0.00,0.00,0.00,0.00,0.00,0.00,0.00,0.00
1F<<,1F<<,0.00,0.00,0.00,0.00,0.00,0.00,0.00,0.00,0.00,0.00,0.00
1Lz<<,1Lz<<,0.00,0.00,0.00,0.00,0.00,0.00,0.00,0.00,0.00,0.00,0.00
1Fe,1Fe,0.40,-0.20,-0.16,-0.12,-0.08,-0.04,0.04,0.08,0.12,0.16,0.20
1Feq,1Feq,0.40,-0.20,-0.16,-0.12,-0.08,-0.04,0.04,0.08,0.12,0.16,0.20
1Fe<,1Fe<,0.30,-0.15,-0.12,-0.09,-0.06,-0.03,0.03,0.06,0.09,0.12,0.15
1Fe<<,1Fe<<,0.00,0.00,0.00,0.00,0.00,0.00,0.00,0.00,0.00,0.00,0.00
1Lze,1Lze,0.48,-0.24,-0.19,-0.14,-0.10,-0.05,0.05,0.10,0.14,0.19,0.24
1Lzeq,1Lzeq,0.48,-0.24,-0.19,-0.14,-0.10,-0.05,0.05,0.10,0.14,0.19,0.24
1Lze<,1Lze<,0.36,-0.18,-0.14,-0.11,-0.07,-0.04,0.04,0.07,0.11,0.14,0.18
1Lze<<,1Lze<<,0.00,0.00,0.00,0.00,0.00,0.00,0.00,0.00,0.00,0.00,0.00
1F!,1F!,0.50,-0.25,-0.20,-0.15,-0.10,-0.05,0.05,0.10,0.15,0.20,0.25
1F!q,1F!q,0.50,-0.25,-0.20,-0.15,-0.10,-0.05,0.05,0.10,0.15,0.20,0.25
1F!<,1F!<,0.40,-0.20,-0.16,-0.12,-0.08,-0.04,0.04,0.08,0.12,0.16,0.20
1F!<<,1F!<<,0.00,0.00,0.00,0.00,0.00,0.00,0.00,0.00,0.00,0.00,0.00
1Lz!,1Lz!,0.60,-0.30,-0.24,-0.18,-0.12,-0.06,0.06,0.12,0.18,0.24,0.30
1Lzlq,1Lzlq,0.60,-0.30,-0.24,-0.18,-0.12,-0.06,0.06,0.12,0.18,0.24,0.30
1Lz!<,1Lz!<,0.48,-0.24,-0.19,-0.14,-0.10,-0.05,0.05,0.10,0.14,0.19,0.24
1Lz <<,1Lz <<,0.00,0.00,0.00,0.00,0.00,0.00,0.00,0.00,0.00,0.00,0.00
1A,1A,1.10,-0.55,-0.44,-0.33,-0.22,-0.11,0.11,0.22,0.33,0.44,0.55
2T,2T,1.30,-0.65,-0.52,-0.39,-0.26,-0.13,0.13,0.26,0.39,0.52,0.65
2S,2S,1.30,-0.65,-0.52,-0.39,-0.26,-0.13,0.13,0.26,0.39,0.52,0.65
2Lo,2Lo,1.70,-0.85,-0.68,-0.51,-0.34,-0.17,0.17,0.34,0.51,0.68,0.85
2F,2F,1.80,-0.90,-0.72,-0.54,-0.36,-0.18,0.18,0.36,0.54,0.72,0.90
2Lz,2Lz,2.10,-1.05,-0.84,-0.63,-0.42,-0.21,0.21,0.42,0.63,0.84,1.05
1Aq,1Aq,1.10,-0.55,-0.44,-0.33,-0.22,-0.11,0.11,0.22,0.33,0.44,0.55
2Tq,2Tq,1.30,-0.65,-0.52,-0.39,-0.26,-0.13,0.13,0.26,0.39,0.52,0.65
2Sq,2Sq,1.30,-0.65,-0.52,-0.39,-0.26,-0.13,0.13,0.26,0.39,0.52,0.65
2Loq,2Loq,1.70,-0.85,-0.68,-0.51,-0.34,-0.17,0.17,0.34,0.51,0.68,0.85
2Fq,2Fq,1.80,-0.90,-0.72,-0.54,-0.36,-0.18,0.18,0.36,0.54,0.72,0.90
2Lzq,2Lzq,2.10,-1.05,-0.84,-0.63,-0.42,-0.21,0.21,0.42,0.63,0.84,1.05
2A<,2A<,0.88,-0.44,-0.35,-0.26,-0.18,-0.09,0.09,0.18,0.26,0.35,0.44
2T<,2T<,1.04,-0.52,-0.42,-0.31,-0.21,-0.10,0.10,0.21,0.31,0.42,0.52
2S<,2S<,1.04,-0.52,-0.42,-0.31,-0.21,-0.10,0.10,0.21,0.31,0.42,0.52
2Lo<,2Lo<,1.36,-0.68,-0.54,-0.41,-0.27,-0.14,0.14,0.27,0.41,0.54,0.68
2F<,2F<,1.44,-0.72,-0.58,-0.43,-0.29,-0.14,0.14,0.29,0.43,0.58,0.72
2Lz<,2Lz<,1.68,-0.84,-0.67,-0.50,-0.34,-0.17,0.17,0.34,0.50,0.67,0.84
1A<<,1A<<,0.00,0.00,0.00,0.00,0.00,0.00,0.00,0.00,0.00,0.00,0.00
2T<<,2T<<,0.40,-0.20,-0.16,-0.12,-0.08,-0.04,0.04,0.08,0.12,0.16,0.20
2S<<,2S<<,0.40,-0.20,-0.16,-0.12,-0.08,-0.04,0.04,0.08,0.12,0.16,0.20
2Lo<<,2Lo<<,0.50,-0.25,-0.20,-0.15,-0.10,-0.05,0.05,0.10,0.15,0.20,0.25
2F<<,2F<<,0.50,-0.25,-0.20,-0.15,-0.10,-0.05,0.05,0.10,0.15,0.20,0.25
2Lz<<,2Lz<<,0.60,-0.30,-0.24,-0.18,-0.12,-0.06,0.06,0.12,0.18,0.24,0.30
2Fe,2Fe,1.44,-0.72,-0.58,-0.43,-0.29,-0.14,0.14,0.29,0.43,0.58,0.72
2Feq,2Feq,1.44,-0.72,-0.58,-0.43,-0.29,-0.14,0.14,0.29,0.43,0.58,0.72
2Fe<,2Fe<,1.08,-0.54,-0.43,-0.32,-0.22,-0.11,0.11,0.22,0.32,0.43,0.54
2Fe<<,2Fe<<,0.40,-0.20,-0.16,-0.12,-0.08,-0.04,0.04,0.08,0.12,0.16,0.20
2Lze,2Lze,1.68,-0.84,-0.67,-0.50,-0.34,-0.17,0.17,0.34,0.50,0.67,0.84
2Lzeq,2Lzeq,1.68,-0.84,-0.67,-0.50,-0.34,-0.17,0.17,0.34,0.50,0.67,0.84
2Lze<,2Lze<,1.26,-0.63,-0.50,-0.38,-0.25,-0.13,0.13,0.25,0.38,0.50,0.63
2Lze<<,2Lze<<,0.48,-0.24,-0.19,-0.14,-0.10,-0.05,0.05,0.10,0.14,0.19,0.24
2F!,2F!,1.80,-0.90,-0.72,-0.54,-0.36,-0.18,0.18,0.36,0.54,0.72,0.90
2F!q,2F!q,1.80,-0.90,-0.72,-0.54,-0.36,-0.18,0.18,0.36,0.54,0.72,0.90
2F!<,2F!<,1.44,-0.72,-0.58,-0.43,-0.29,-0.14,0.14,0.29,0.43,0.58,0.72
2F!<<,2F!<<,0.50,-0.25,-0.20,-0.15,-0.10,-0.05,0.05,0.10,0.15,0.20,0.25
2Lz!,2Lz!,2.10,-1.05,-0.84,-0.63,-0.42,-0.21,0.21,0.42,0.63,0.84,1.05
2Lzlq,2Lzlq,2.10,-1.05,-0.84,-0.63,-0.42,-0.21,0.21,0.42,0.63,0.84,1.05
2Lz!<,2Lz!<,1.68,-0.84,-0.67,-0.50,-0.34,-0.17,0.17,0.34,0.50,0.67,0.84
2Lz!<<,2Lz!<<,0.60,-0.30,-0.24,-0.18,-0.12,-0.06,0.06,0.12,0.18,0.24,0.30
2A,2A,3.30,-1.65,-1.32,-0.99,-0.66,-0.33,0.33,0.66,0.99,1.32,1.65
3T,3T,4.20,-2.10,-1.68,-1.26,-0.84,-0.42,0.42,0.84,1.26,1.68,2.10
3S,3S,4.30,-2.15,-1.72,-1.29,-0.86,-0.43,0.43,0.86,1.29,1.72,2.15
3Lo,3Lo,4.90,-2.45,-1.96,-1.47,-0.98,-0.49,0.49,0.98,1.47,1.96,2.45
3F,3F,5.30,-2.65,-2.12,-1.59,-1.06,-0.53,0.53,1.06,1.59,2.12,2.65
3Lz,3Lz,5.90,-2.95,-2.36,-1.77,-1.18,-0.59,0.59,1.18,1.77,2.36,2.95
2Ab,2Ab,3.30,-1.65,-1.32,-0.99,-0.66,-0.33,0.33,0.66,0.99,1.32,1.65
3Tb,3Tb,4.20,-2.10,-1.68,-1.26,-0.84,-0.42,0.42,0.84,1.26,1.68,2.10
3Sb,3Sb,4.30,-2.15,-1.72,-1.29,-0.86,-0.43,0.43,0.86,1.29,1.72,2.15
3Lob,3Lob,4.90,-2.45,-1.96,-1.47,-0.98,-0.49,0.49,0.98,1.47,1.96,2.45
3Fb,3Fb,5.30,-2.65,-2.12,-1.59,-1.06,-0.53,0.53,1.06,1.59,2.12,2.65
3Lzb,3Lzb,5.90,-2.95,-2.36,-1.77,-1.18,-0.59,0.59,1.18,1.77,2.36,2.95
2Aq,2Aq,3.30,-1.65,-1.32,-0.99,-0.66,-0.33,0.33,0.66,0.99,1.32,1.65
3Tq,3Tq,4.20,-2.10,-1.68,-1.26,-0.84,-0.42,0.42,0.84,1.26,1.68,2.10
3Sq,3Sq,4.30,-2.15,-1.72,-1.29,-0.86,-0.43,0.43,0.86,1.29,1.72,2.15
3Loq,3Loq,4.90,-2.45,-1.96,-1.47,-0.98,-0.49,0.49,0.98,1.47,1.96,2.45
3Fq,3Fq,5.30,-2.65,-2.12,-1.59,-1.06,-0.53,0.53,1.06,1.59,2.12,2.65
3Lzq,3Lzq,5.90,-2.95,-2.36,-1.77,-1.18,-0.59,0.59,1.18,1.77,2.36,2.95
2Aqb,2Aqb,3.30,-1.65,-1.32,-0.99,-0.66,-0.33,0.33,0.66,0.99,1.32,1.65
3Tqb,3Tqb,4.20,-2.10,-1.68,-1.26,-0.84,-0.42,0.42,0.84,1.26,1.68,2.10
3Sqb,3Sqb,4.30,-2.15,-1.72,-1.29,-0.86,-0.43,0.43,0.86,1.29,1.72,2.15
3Loqb,3Loqb,4.90,-2.45,-1.96,-1.47,-0.98,-0.49,0.49,0.98,1.47,1.96,2.45
3Fqb,3Fqb,5.30,-2.65,-2.12,-1.59,-1.06,-0.53,0.53,1.06,1.59,2.12,2.65
3Lzqb,3Lzqb,5.90,-2.95,-2.36,-1.77,-1.18,-0.59,0.59,1.18,1.77,2.36,2.95
2A<,2A<,2.64,-1.32,-1.06,-0.79,-0.53,-0.26,0.26,0.53,0.79,1.06,1.32
3T<,3T<,3.36,-1.68,-1.34,-1.01,-0.67,-0.34,0.34,0.67,1.01,1.34,1.68
3S<,3S<,3.44,-1.72,-1.38,-1.03,-0.69,-0.34,0.34,0.69,1.03,1.38,1.72
3Lo<,3Lo<,3.92,-1.96,-1.57,-1.18,-0.78,-0.39,0.39,0.78,1.18,1.57,1.96
3F<,3F<,4.24,-2.12,-1.70,-1.27,-0.85,-0.42,0.42,0.85,1.27,1.70,2.12
3Lz<,3Lz<,4.72,-2.36,-1.89,-1.42,-0.94,-0.47,0.47,0.94,1.42,1.89,2.36
2A<<,2A<<,1.10,-0.55,-0.44,-0.33,-0.22,-0.11,0.11,0.22,0.33,0.44,0.55
3T<<,3T<<,1.30,-0.65,-0.52,-0.39,-0.26,-0.13,0.13,0.26,0.39,0.52,0.65
3S<<,3S<<,1.30,-0.65,-0.52,-0.39,-0.26,-0.13,0.13,0.26,0.39,0.52,0.65
3Lo<<,3Lo<<,1.70,-0.85,-0.68,-0.51,-0.34,-0.17,0.17,0.34,0.51,0.68,0.85
3F<<,3F<<,1.80,-0.90,-0.72,-0.54,-0.36,-0.18,0.18,0.36,0.54,0.72,0.90
3Lz<<,3Lz<<,2.10,-1.05,-0.84,-0.63,-0.42,-0.21,0.21,0.42,0.63,0.84,1.05
3Fe,3Fe,4.24,-2.12,-1.70,-1.27,-0.85,-0.42,0.42,0.85,1.27,1.70,2.12
3Feq,3Feq,4.24,-2.12,-1.70,-1.27,-0.85,-0.42,0.42,0.85,1.27,1.70,2.12
3Fe<,3Fe<,3.18,-1.59,-1.27,-0.95,-0.64,-0.32,0.32,0.64,0.95,1.27,1.59
3Fe<<,3Fe<<,1.44,-0.72,-0.58,-0.43,-0.29,-0.14,0.14,0.29,0.43,0.58,0.72
3Lze,3Lze,4.72,-2.36,-1.89,-1.42,-0.94,-0.47,0.47,0.94,1.42,1.89,2.36
3Lzeq,3Lzeq,4.72,-2.36,-1.89,-1.42,-0.94,-0.47,0.47,0.94,1.42,1.89,2.36
3Lze<,3Lze<,3.54,-1.77,-1.42,-1.06,-0.71,-0.35,0.35,0.71,1.06,1.42,1.77
3Lze<<,3Lze<<,1.68,-0.84,-0.67,-0.50,-0.34,-0.17,0.17,0.34,0.50,0.67,0.84
3F!,3F!,5.30,-2.65,-2.12,-1.59,-1.06,-0.53,0.53,1.06,1.59,2.12,2.65
3F!b,3F!b,5.30,-2.65,-2.12,-1.59,-1.06,-0.53,0.53,1.06,1.59,2.12,2.65
3F!q,3F!q,5.30,-2.65,-2.12,-1.59,-1.06,-0.53,0.53,1.06,1.59,2.12,2.65
3F!qb,3F!qb,5.30,-2.65,-2.12,-1.59,-1.06,-0.53,0.53,1.06,1.59,2.12,2.65
3F!<,3F!<,4.24,-2.12,-1.70,-1.27,-0.85,-0.42,0.42,0.85,1.27,1.70,2.12
3F!<<,3F!<<,1.80,-0.90,-0.72,-0.54,-0.36,-0.18,0.18,0.36,0.54,0.72,0.90
3Lz!,3Lz!,5.90,-2.95,-2.36,-1.77,-1.18,-0.59,0.59,1.18,1.77,2.36,2.95
3Lz!b,3Lz!b,5.90,-2.95,-2.36,-1.77,-1.18,-0.59,0.59,1.18,1.77,2.36,2.95
3Lzlq,3Lzlq,5.90,-2.95,-2.36,-1.77,-1.18,-0.59,0.59,1.18,1.77,2.36,2.95
3Lz!qb,3Lz!qb,5.90,-2.95,-2.36,-1.77,-1.18,-0.59,0.59,1.18,1.77,2.36,2.95
3Lz!<,3Lz!<,4.72,-2.36,-1.89,-1.42,-0.94,-0.47,0.47,0.94,1.42,1.89,2.36
3Lz!<<,3Lz!<<,2.10,-1.05,-0.84,-0.63,-0.42,-0.21,0.21,0.42,0.63,0.84,1.05
3A,3A,8.00,-4.00,-3.20,-2.40,-1.60,-0.80,0.80,1.60,2.40,3.20,4.00
3Ab,3Ab,8.00,-4.00,-3.20,-2.40,-1.60,-0.80,0.80,1.60,2.40,3.20,4.00
4T,4T,9.50,-4.75,-3.80,-2.85,-1.90,-0.95,0.95,1.90,2.85,3.80,4.75
4S,4S,9.70,-4.85,-3.88,-2.91,-1.94,-0.97,0.97,1.94,2.91,3.88,4.85
4Lo,4Lo,10.50,-5.25,-4.20,-3.15,-2.10,-1.05,1.05,2.10,3.15,4.20,5.25
4F,4F,11.00,-5.50,-4.40,-3.30,-2.20,-1.10,1.10,2.20,3.30,4.40,5.50
4Lz,4Lz,11.50,-5.75,-4.60,-3.45,-2.30,-1.15,1.15,2.30,3.45,4.60,5.75
4A,4A,12.50,-6.25,-5.00,-3.75,-2.50,-1.25,1.25,2.50,3.75,5.00,6.25
3Aq,3Aq,8.00,-4.00,-3.20,-2.40,-1.60,-0.80,0.80,1.60,2.40,3.20,4.00
3Aqb,3Aqb,8.00,-4.00,-3.20,-2.40,-1.60,-0.80,0.80,1.60,2.40,3.20,4.00
4Tq,4Tq,9.50,-4.75,-3.80,-2.85,-1.90,-0.95,0.95,1.90,2.85,3.80,4.75
4Sq,4Sq,9.70,-4.85,-3.88,-2.91,-1.94,-0.97,0.97,1.94,2.91,3.88,4.85
4Loq,4Loq,10.50,-5.25,-4.20,-3.15,-2.10,-1.05,1.05,2.10,3.15,4.20,5.25
4Fq,4Fq,11.00,-5.50,-4.40,-3.30,-2.20,-1.10,1.10,2.20,3.30,4.40,5.50
4Lzq,4Lzq,11.50,-5.75,-4.60,-3.45,-2.30,-1.15,1.15,2.30,3.45,4.60,5.75
4Aq,4Aq,12.50,-6.25,-5.00,-3.75,-2.50,-1.25,1.25,2.50,3.75,5.00,6.25
3A<,3A<,6.40,-3.20,-2.56,-1.92,-1.28,-0.64,0.64,1.28,1.92,2.56,3.20
4T<,4T<,7.60,-3.80,-3.04,-2.28,-1.52,-0.76,0.76,1.52,2.28,3.04,3.80
4S<,4S<,7.76,-3.88,-3.10,-2.33,-1.55,-0.78,0.78,1.55,2.33,3.10,3.88
4Lo<,4Lo<,8.40,-4.20,-3.36,-2.52,-1.68,-0.84,0.84,1.68,2.52,3.36,4.20
4F<,4F<,8.80,-4.40,-3.52,-2.64,-1.76,-0.88,0.88,1.76,2.64,3.52,4.40
4Lz<,4Lz<,9.20,-4.60,-3.68,-2.76,-1.84,-0.92,0.92,1.84,2.76,3.68,4.60
3A<<,3A<<,3.30,-1.65,-1.32,-0.99,-0.66,-0.33,0.33,0.66,0.99,1.32,1.65
4T<<,4T<<,4.20,-2.10,-1.68,-1.26,-0.84,-0.42,0.42,0.84,1.26,1.68,2.10
4S<<,4S<<,4.30,-2.15,-1.72,-1.29,-0.86,-0.43,0.43,0.86,1.29,1.72,2.15
4Lo<<,4Lo<<,4.90,-2.45,-1.96,-1.47,-0.98,-0.49,0.49,0.98,1.47,1.96,2.45
4F<<,4F<<,5.30,-2.65,-2.12,-1.59,-1.06,-0.53,0.53,1.06,1.59,2.12,2.65
4Lz<<,4Lz<<,5.90,-2.95,-2.36,-1.77,-1.18,-0.59,0.59,1.18,1.77,2.36,2.95
4Fe,4Fe,8.80,-4.40,-3.52,-2.64,-1.76,-0.88,0.88,1.76,2.64,3.52,4.40
4Feq,4Feq,8.80,-4.40,-3.52,-2.64,-1.76,-0.88,0.88,1.76,2.64,3.52,4.40
4Fe<,4Fe<,6.60,-3.30,-2.64,-1.98,-1.32,-0.66,0.66,1.32,1.98,2.64,3.30
4Fe<<,4Fe<<,4.24,-2.12,-1.70,-1.27,-0.85,-0.42,0.42,0.85,1.27,1.70,2.12
4Lze,4Lze,9.20,-4.60,-3.68,-2.76,-1.84,-0.92,0.92,1.84,2.76,3.68,4.60
4Lzeq,4Lzeq,9.20,-4.60,-3.68,-2.76,-1.84,-0.92,0.92,1.84,2.76,3.68,4.60
4Lze<,4Lze<,6.90,-3.45,-2.76,-2.07,-1.38,-0.69,0.69,1.38,2.07,2.76,3.45
4Lze<<,4Lze<<,4.72,-2.36,-1.89,-1.42,-0.94,-0.47,0.47,0.94,1.42,1.89,2.36
4F!,4F!,11.00,-5.50,-4.40,-3.30,-2.20,-1.10,1.10,2.20,3.30,4.40,5.50
4F!q,4F!q,11.00,-5.50,-4.40,-3.30,-2.20,-1.10,1.10,2.20,3.30,4.40,5.50
4F!<,4F!<,8.80,-4.40,-3.52,-2.64,-1.76,-0.88,0.88,1.76,2.64,3.52,4.40
4F!<<,4F!<<,5.30,-2.65,-2.12,-1.59,-1.06,-0.53,0.53,1.06,1.59,2.12,2.65
4Lz!,4Lz!,11.50,-5.75,-4.60,-3.45,-2.30,-1.15,1.15,2.30,3.45,4.60,5.75
4Lzlq,4Lzlq,11.50,-5.75,-4.60,-3.45,-2.30,-1.15,1.15,2.30,3.45,4.60,5.75
4Lz!<,4Lz!<,9.20,-4.60,-3.68,-2.76,-1.84,-0.92,0.92,1.84,2.76,3.68,4.60
4Lz!<<,4Lz!<<,5.90,-2.95,-2.36,-1.77,-1.18,-0.59,0.59,1.18,1.77,2.36,2.95
4A<,4A<,10.00,-5.00,-4.00,-3.00,-2.00,-1.00,1.00,2.00,3.00,4.00,5.00
4A<<,4A<<,8.00,-4.00,-3.20,-2.40,-1.60,-0.80,0.80,1.60,2.40,3.20,4.00
5T,5T,14.00,-7.00,-5.60,-4.20,-2.80,-1.40,1.40,2.80,4.20,5.60,7.00
5S,5S,14.00,-7.00,-5.60,-4.20,-2.80,-1.40,1.40,2.80,4.20,5.60,7.00
5Lo,5Lo,14.00,-7.00,-5.60,-4.20,-2.80,-1.40,1.40,2.80,4.20,5.60,7.00
5F,5F,14.00,-7.00,-5.60,-4.20,-2.80,-1.40,1.40,2.80,4.20,5.60,7.00
5Lz,5Lz,14.00,-7.00,-5.60,-4.20,-2.80,-1.40,1.40,2.80,4.20,5.60,7.00
5Tq,5Tq,14.00,-7.00,-5.60,-4.20,-2.80,-1.40,1.40,2.80,4.20,5.60,7.00
5Sq,5Sq,14.00,-7.00,-5.60,-4.20,-2.80,-1.40,1.40,2.80,4.20,5.60,7.00
5Loq,5Loq,14.00,-7.00,-5.60,-4.20,-2.80,-1.40,1.40,2.80,4.20,5.60,7.00
5Fq,5Fq,14.00,-7.00,-5.60,-4.20,-2.80,-1.40,1.40,2.80,4.20,5.60,7.00
5Lzq,5Lzq,14.00,-7.00,-5.60,-4.20,-2.80,-1.40,1.40,2.80,4.20,5.60,7.00
5T<,5T<,11.20,-5.60,-4.48,-3.36,-2.24,-1.12,1.12,2.24,3.36,4.48,5.60
5S<,5S<,11.20,-5.60,-4.48,-3.36,-2.24,-1.12,1.12,2.24,3.36,4.48,5.60
5Lo<,5Lo<,11.20,-5.60,-4.48,-3.36,-2.24,-1.12,1.12,2.24,3.36,4.48,5.60
5F<,5F<,11.20,-5.60,-4.48,-3.36,-2.24,-1.12,1.12,2.24,3.36,4.48,5.60
5Lz<,5Lz<,11.20,-5.60,-4.48,-3.36,-2.24,-1.12,1.12,2.24,3.36,4.48,5.60
5T<<,5T<<,9.50,-4.75,-3.80,-2.85,-1.90,-0.95,0.95,1.90,2.85,3.80,4.75
5S<<,5S<<,9.50,-4.75,-3.80,-2.85,-1.90,-0.95,0.95,1.90,2.85,3.80,4.75
5Lo<<,5Lo<<,9.50,-4.75,-3.80,-2.85,-1.90,-0.95,0.95,1.90,2.85,3.80,4.75
5F<<,5F<<,9.50,-4.75,-3.80,-2.85,-1.90,-0.95,0.95,1.90,2.85,3.80,4.75
5Lz<<,5Lz<<,9.50,-4.75,-3.80,-2.85,-1.90,-0.95,0.95,1.90,2.85,3.80,4.75
5Fe,5Fe,11.20,-5.60,-4.48,-3.36,-2.24,-1.12,1.12,2.24,3.36,4.48,5.60
5Feq,5Feq,11.20,-5.60,-4.48,-3.36,-2.24,-1.12,1.12,2.24,3.36,4.48,5.60
5Fe<,5Fe<,8.40,-4.20,-3.36,-2.52,-1.68,-0.84,0.84,1.68,2.52,3.36,4.20
5Fe<<,5Fe<<,7.60,-3.80,-3.04,-2.28,-1.52,-0.76,0.76,1.52,2.28,3.04,3.80
5Lze,5Lze,11.20,-5.60,-4.48,-3.36,-2.24,-1.12,1.12,2.24,3.36,4.48,5.60
5Lzeq,5Lzeq,11.20,-5.60,-4.48,-3.36,-2.24,-1.12,1.12,2.24,3.36,4.48,5.60
5Lze<,5Lze<,8.40,-4.20,-3.36,-2.52,-1.68,-0.84,0.84,1.68,2.52,3.36,4.20
5Lze<<,5Lze<<,7.60,-3.80,-3.04,-2.28,-1.52,-0.76,0.76,1.52,2.28,3.04,3.80
5F!,5F!,14.00,-7.00,-5.60,-4.20,-2.80,-1.40,1.40,2.80,4.20,5.60,7.00
5Flq,5Flq,14.00,-7.00,-5.60,-4.20,-2.80,-1.40,1.40,2.80,4.20,5.60,7.00
5F!<,5F!<,11.20,-5.60,-4.48,-3.36,-2.24,-1.12,1.12,2.24,3.36,4.48,5.60
5F!<<,5F!<<,9.50,-4.75,-3.80,-2.85,-1.90,-0.95,0.95,1.90,2.85,3.80,4.75
5Lz!,5Lz!,14.00,-7.00,-5.60,-4.20,-2.80,-1.40,1.40,2.80,4.20,5.60,7.00
5Lzlq,5Lzlq,14.00,-7.00,-5.60,-4.20,-2.80,-1.40,1.40,2.80,4.20,5.60,7.00
5Lz!<,5Lz!<,11.20,-5.60,-4.48,-3.36,-2.24,-1.12,1.12,2.24,3.36,4.48,5.60
5Lz!<<,5Lz!<<,9.50,-4.75,-3.80,-2.85,-1.90,-0.95,0.95,1.90,2.85,3.80,4.75
Upright Spin,USpB,1.00,-0.50,-0.40,-0.30,-0.20,-0.10,0.10,0.20,0.30,0.40,0.50
Upright Spin,USp1,1.20,-0.60,-0.48,-0.36,-0.24,-0.12,0.12,0.24,0.36,0.48,0.60
Upright Spin,USp2,1.50,-0.75,-0.60,-0.45,-0.30,-0.15,0.15,0.30,0.45,0.60,0.75
Upright Spin,USp3,1.90,-0.95,-0.76,-0.57,-0.38,-0.19,0.19,0.38,0.57,0.76,0.95
Upright Spin,USp4,2.40,-1.20,-0.96,-0.72,-0.48,-0.24,0.24,0.48,0.72,0.96,1.20
Layback Spin,LSpB,1.20,-0.60,-0.48,-0.36,-0.24,-0.12,0.12,0.24,0.36,0.48,0.60
Layback Spin,LSp1,1.50,-0.75,-0.60,-0.45,-0.30,-0.15,0.15,0.30,0.45,0.60,0.75
Layback Spin,LSp2,1.90,-0.95,-0.76,-0.57,-0.38,-0.19,0.19,0.38,0.57,0.76,0.95
Layback Spin,LSp3,2.40,-1.20,-0.96,-0.72,-0.48,-0.24,0.24,0.48,0.72,0.96,1.20
Layback Spin,LSp4,2.70,-1.35,-1.08,-0.81,-0.54,-0.27,0.27,0.54,0.81,1.08,1.35
Camel Spin,CSpB,1.10,-0.55,-0.44,-0.33,-0.22,-0.11,0.11,0.22,0.33,0.44,0.55
Camel Spin,CSp1,1.40,-0.70,-0.56,-0.42,-0.28,-0.14,0.14,0.28,0.42,0.56,0.70
Camel Spin,CSp2,1.80,-0.90,-0.72,-0.54,-0.36,-0.18,0.18,0.36,0.54,0.72,0.90
Camel Spin,CSp3,2.30,-1.15,-0.92,-0.69,-0.46,-0.23,0.23,0.46,0.69,0.92,1.15
Camel Spin,CSp4,2.60,-1.30,-1.04,-0.78,-0.52,-0.26,0.26,0.52,0.78,1.04,1.30
Sit Spin,SSpB,1.10,-0.55,-0.44,-0.33,-0.22,-0.11,0.11,0.22,0.33,0.44,0.55
Sit Spin,SSp1,1.30,-0.65,-0.52,-0.39,-0.26,-0.13,0.13,0.26,0.39,0.52,0.65
Sit Spin,SSp2,1.60,-0.80,-0.64,-0.48,-0.32,-0.16,0.16,0.32,0.48,0.64,0.80
Sit Spin,SSp3,2.10,-1.05,-0.84,-0.63,-0.42,-0.21,0.21,0.42,0.63,0.84,1.05
Sit Spin,SSp4,2.50,-1.25,-1.00,-0.75,-0.50,-0.25,0.25,0.50,0.75,1.00,1.25
Flying Upright Spin,FUSpB,1.50,-0.75,-0.60,-0.45,-0.30,-0.15,0.15,0.30,0.45,0.60,0.75
Flying Upright Spin,FUSp1,1.70,-0.85,-0.68,-0.51,-0.34,-0.17,0.17,0.34,0.51,0.68,0.85
Flying Upright Spin,FUSp2,2.00,-1.00,-0.80,-0.60,-0.40,-0.20,0.20,0.40,0.60,0.80,1.00
Flying Upright Spin,FUSp3,2.40,-1.20,-0.96,-0.72,-0.48,-0.24,0.24,0.48,0.72,0.96,1.20
Flying Upright Spin,FUSp4,2.90,-1.45,-1.16,-0.87,-0.58,-0.29,0.29,0.58,0.87,1.16,1.45
Flying Upright Spin Reduced Value,FUSPBV,1.13,-0.57,-0.45,-0.34,-0.23,-0.11,0.11,0.23,0.34,0.45,0.57
Flying Upright Spin Reduced Value,FUSp1V,1.28,-0.64,-0.51,-0.38,-0.26,-0.13,0.13,0.26,0.38,0.51,0.64
Flying Upright Spin Reduced Value,FUSp2V,1.50,-0.75,-0.60,-0.45,-0.30,-0.15,0.15,0.30,0.45,0.60,0.75
Flying Upright Spin Reduced Value,FUSP3V,1.80,-0.90,-0.72,-0.54,-0.36,-0.18,0.18,0.36,0.54,0.72,0.90
Flying Upright Spin Reduced Value,FUSp4V,2.18,-1.09,-0.87,-0.65,-0.44,-0.22,0.22,0.44,0.65,0.87,1.09
Flying Layback Spin,FLSpB,1.70,-0.85,-0.68,-0.51,-0.34,-0.17,0.17,0.34,0.51,0.68,0.85
Flying Layback Spin,FLSp1,2.00,-1.00,-0.80,-0.60,-0.40,-0.20,0.20,0.40,0.60,0.80,1.00
Flying Layback Spin,FLSp2,2.40,-1.20,-0.96,-0.72,-0.48,-0.24,0.24,0.48,0.72,0.96,1.20
Flying Layback Spin,FLSp3,2.90,-1.45,-1.16,-0.87,-0.58,-0.29,0.29,0.58,0.87,1.16,1.45
Flying Layback Spin,FLSp4,3.20,-1.60,-1.28,-0.96,-0.64,-0.32,0.32,0.64,0.96,1.28,1.60
Flying Layback Spin Reduced Value,FLSPBV,1.28,-0.64,-0.51,-0.38,-0.26,-0.13,0.13,0.26,0.38,0.51,0.64
Flying Layback Spin Reduced Value,FLSp1V,1.50,-0.75,-0.60,-0.45,-0.30,-0.15,0.15,0.30,0.45,0.60,0.75
Flying Layback Spin Reduced Value,FLSp2V,1.80,-0.90,-0.72,-0.54,-0.36,-0.18,0.18,0.36,0.54,0.72,0.90
Flying Layback Spin Reduced Value,FLSP3V,2.18,-1.09,-0.87,-0.65,-0.44,-0.22,0.22,0.44,0.65,0.87,1.09
Flying Layback Spin Reduced Value,FLSp4V,2.40,-1.20,-0.96,-0.72,-0.48,-0.24,0.24,0.48,0.72,0.96,1.20
Flying Camel Spin,FCSpB,1.60,-0.80,-0.64,-0.48,-0.32,-0.16,0.16,0.32,0.48,0.64,0.80
Flying Camel Spin,FCSp1,1.90,-0.95,-0.76,-0.57,-0.38,-0.19,0.19,0.38,0.57,0.76,0.95
Flying Camel Spin,FCSp2,2.30,-1.15,-0.92,-0.69,-0.46,-0.23,0.23,0.46,0.69,0.92,1.15
Flying Camel Spin,FCSp3,2.80,-1.40,-1.12,-0.84,-0.56,-0.28,0.28,0.56,0.84,1.12,1.40
Flying Camel Spin,FCSp4,3.20,-1.60,-1.28,-0.96,-0.64,-0.32,0.32,0.64,0.96,1.28,1.60
Flying Camel Spin Reduced Value,FCSPBV,1.20,-0.60,-0.48,-0.36,-0.24,-0.12,0.12,0.24,0.36,0.48,0.60
Flying Camel Spin Reduced Value,FCSp1V,1.43,-0.72,-0.57,-0.43,-0.29,-0.14,0.14,0.29,0.43,0.57,0.72
Flying Camel Spin Reduced Value,FCSp2V,1.73,-0.87,-0.69,-0.52,-0.35,-0.17,0.17,0.35,0.52,0.69,0.87
Flying Camel Spin Reduced Value,FCSp3V,2.10,-1.05,-0.84,-0.63,-0.42,-0.21,0.21,0.42,0.63,0.84,1.05
Flying Camel Spin Reduced Value,FCSp4V,2.40,-1.20,-0.96,-0.72,-0.48,-0.24,0.24,0.48,0.72,0.96,1.20
Flying Sit Spin,FSSpB,1.70,-0.85,-0.68,-0.51,-0.34,-0.17,0.17,0.34,0.51,0.68,0.85
Flying Sit Spin,FSSp1,2.00,-1.00,-0.80,-0.60,-0.40,-0.20,0.20,0.40,0.60,0.80,1.00
Flying Sit Spin,FSSp2,2.30,-1.15,-0.92,-0.69,-0.46,-0.23,0.23,0.46,0.69,0.92,1.15
Flying Sit Spin,FSSp3,2.60,-1.30,-1.04,-0.78,-0.52,-0.26,0.26,0.52,0.78,1.04,1.30
Flying Sit Spin,FSSp4,3.00,-1.50,-1.20,-0.90,-0.60,-0.30,0.30,0.60,0.90,1.20,1.50
Flying Sit Spin Reduced Value,FSSPBV,1.28,-0.64,-0.51,-0.38,-0.26,-0.13,0.13,0.26,0.38,0.51,0.64
Flying Sit Spin Reduced Value,FSSp1V,1.50,-0.75,-0.60,-0.45,-0.30,-0.15,0.15,0.30,0.45,0.60,0.75
Flying Sit Spin Reduced Value,FSSp2V,1.73,-0.87,-0.69,-0.52,-0.35,-0.17,0.17,0.35,0.52,0.69,0.87
Flying Sit Spin Reduced Value,FSSp3V,1.95,-0.98,-0.78,-0.59,-0.39,-0.20,0.20,0.39,0.59,0.78,0.98
Flying Sit Spin Reduced Value,FSSp4V,2.25,-1.13,-0.90,-0.68,-0.45,-0.23,0.23,0.45,0.68,0.90,1.13
Change Upright Spin,CUSpB,1.50,-0.75,-0.60,-0.45,-0.30,-0.15,0.15,0.30,0.45,0.60,0.75
Change Upright Spin,CUSp1,1.70,-0.85,-0.68,-0.51,-0.34,-0.17,0.17,0.34,0.51,0.68,0.85
Change Upright Spin,CUSp2,2.00,-1.00,-0.80,-0.60,-0.40,-0.20,0.20,0.40,0.60,0.80,1.00
Change Upright Spin,CUSp3,2.40,-1.20,-0.96,-0.72,-0.48,-0.24,0.24,0.48,0.72,0.96,1.20
Change Upright Spin,CUSp4,2.90,-1.45,-1.16,-0.87,-0.58,-0.29,0.29,0.58,0.87,1.16,1.45
Change Upright Spin Reduced Value,CUSPBV,1.13,-0.57,-0.45,-0.34,-0.23,-0.11,0.11,0.23,0.34,0.45,0.57
Change Upright Spin Reduced Value,CUSp1V,1.28,-0.64,-0.51,-0.38,-0.26,-0.13,0.13,0.26,0.38,0.51,0.64
Change Upright Spin Reduced Value,CUSp2V,1.50,-0.75,-0.60,-0.45,-0.30,-0.15,0.15,0.30,0.45,0.60,0.75
Change Upright Spin Reduced Value,CUSp3V,1.80,-0.90,-0.72,-0.54,-0.36,-0.18,0.18,0.36,0.54,0.72,0.90
Change Upright Spin Reduced Value,CUSP4V,2.18,-1.09,-0.87,-0.65,-0.44,-0.22,0.22,0.44,0.65,0.87,1.09
Flying Change Upright Spin,FCUSpB,1.50,-0.75,-0.60,-0.45,-0.30,-0.15,0.15,0.30,0.45,0.60,0.75
Flying Change Upright Spin,FCUSp1,1.70,-0.85,-0.68,-0.51,-0.34,-0.17,0.17,0.34,0.51,0.68,0.85
Flying Change Upright Spin,FCUSp2,2.00,-1.00,-0.80,-0.60,-0.40,-0.20,0.20,0.40,0.60,0.80,1.00
Flying Change Upright Spin,FCUSp3,2.40,-1.20,-0.96,-0.72,-0.48,-0.24,0.24,0.48,0.72,0.96,1.20
Flying Change Upright Spin,FCUSp4,2.90,-1.45,-1.16,-0.87,-0.58,-0.29,0.29,0.58,0.87,1.16,1.45
Flying Change Upright Spin Reduced Value,FCUSPBV,1.13,-0.57,-0.45,-0.34,-0.23,-0.11,0.11,0.23,0.34,0.45,0.57
Flying Change Upright Spin Reduced Value,FCUSp1V,1.28,-0.64,-0.51,-0.38,-0.26,-0.13,0.13,0.26,0.38,0.51,0.64
Flying Change Upright Spin Reduced Value,FCUSp2V,1.50,-0.75,-0.60,-0.45,-0.30,-0.15,0.15,0.30,0.45,0.60,0.75
Flying Change Upright Spin Reduced Value,FCUSP3V,1.80,-0.90,-0.72,-0.54,-0.36,-0.18,0.18,0.36,0.54,0.72,0.90
Flying Change Upright Spin Reduced Value,FCUSp4V,2.18,-1.09,-0.87,-0.65,-0.44,-0.22,0.22,0.44,0.65,0.87,1.09
Change Layback Spin,CLSpB,1.70,-0.85,-0.68,-0.51,-0.34,-0.17,0.17,0.34,0.51,0.68,0.85
Change Layback Spin,CLSp1,2.00,-1.00,-0.80,-0.60,-0.40,-0.20,0.20,0.40,0.60,0.80,1.00
Change Layback Spin,CLSp2,2.40,-1.20,-0.96,-0.72,-0.48,-0.24,0.24,0.48,0.72,0.96,1.20
Change Layback Spin,CLSp3,2.90,-1.45,-1.16,-0.87,-0.58,-0.29,0.29,0.58,0.87,1.16,1.45
Change Layback Spin,CLSp4,3.20,-1.60,-1.28,-0.96,-0.64,-0.32,0.32,0.64,0.96,1.28,1.60
Change Layback Spin Reduced Value,CLSPBV,1.28,-0.64,-0.51,-0.38,-0.26,-0.13,0.13,0.26,0.38,0.51,0.64
Change Layback Spin Reduced Value,CLSp1V,1.50,-0.75,-0.60,-0.45,-0.30,-0.15,0.15,0.30,0.45,0.60,0.75
Change Layback Spin Reduced Value,CLSp2V,1.80,-0.90,-0.72,-0.54,-0.36,-0.18,0.18,0.36,0.54,0.72,0.90
Change Layback Spin Reduced Value,CLSp3V,2.18,-1.09,-0.87,-0.65,-0.44,-0.22,0.22,0.44,0.65,0.87,1.09
Change Layback Spin Reduced Value,CLSp4V,2.40,-1.20,-0.96,-0.72,-0.48,-0.24,0.24,0.48,0.72,0.96,1.20
Flying Change Layback Spin,FCLSpB,1.70,-0.85,-0.68,-0.51,-0.34,-0.17,0.17,0.34,0.51,0.68,0.85
Flying Change Layback Spin,FCLSp1,2.00,-1.00,-0.80,-0.60,-0.40,-0.20,0.20,0.40,0.60,0.80,1.00
Flying Change Layback Spin,FCLSp2,2.40,-1.20,-0.96,-0.72,-0.48,-0.24,0.24,0.48,0.72,0.96,1.20
Flying Change Layback Spin,FCLSp3,2.90,-1.45,-1.16,-0.87,-0.58,-0.29,0.29,0.58,0.87,1.16,1.45
Flying Change Layback Spin,FCLSp4,3.20,-1.60,-1.28,-0.96,-0.64,-0.32,0.32,0.64,0.96,1.28,1.60
Flying Change Layback Spin Reduced Value,FCLSPBV,1.28,-0.64,-0.51,-0.38,-0.26,-0.13,0.13,0.26,0.38,0.51,0.64
Flying Change Layback Spin Reduced Value,FCLSp1V,1.50,-0.75,-0.60,-0.45,-0.30,-0.15,0.15,0.30,0.45,0.60,0.75
Flying Change Layback Spin Reduced Value,FCLSP2V,1.80,-0.90,-0.72,-0.54,-0.36,-0.18,0.18,0.36,0.54,0.72,0.90
Flying Change Layback Spin Reduced Value,FCLSP3V,2.18,-1.09,-0.87,-0.65,-0.44,-0.22,0.22,0.44,0.65,0.87,1.09
Flying Change Layback Spin Reduced Value,FCLSp4V,2.40,-1.20,-0.96,-0.72,-0.48,-0.24,0.24,0.48,0.72,0.96,1.20
Change Camel Spin,CCSpB,1.70,-0.85,-0.68,-0.51,-0.34,-0.17,0.17,0.34,0.51,0.68,0.85
Change Camel Spin,CCSp1,2.00,-1.00,-0.80,-0.60,-0.40,-0.20,0.20,0.40,0.60,0.80,1.00
Change Camel Spin,CCSp2,2.30,-1.15,-0.92,-0.69,-0.46,-0.23,0.23,0.46,0.69,0.92,1.15
Change Camel Spin,CCSp3,2.80,-1.40,-1.12,-0.84,-0.56,-0.28,0.28,0.56,0.84,1.12,1.40
Change Camel Spin,CCSp4,3.20,-1.60,-1.28,-0.96,-0.64,-0.32,0.32,0.64,0.96,1.28,1.60
Change Camel Spin Reduced Value,CCSPBV,1.28,-0.64,-0.51,-0.38,-0.26,-0.13,0.13,0.26,0.38,0.51,0.64
Change Camel Spin Reduced Value,CCSp1V,1.50,-0.75,-0.60,-0.45,-0.30,-0.15,0.15,0.30,0.45,0.60,0.75
Change Camel Spin Reduced Value,CCSp2V,1.73,-0.87,-0.69,-0.52,-0.35,-0.17,0.17,0.35,0.52,0.69,0.87
Change Camel Spin Reduced Value,CCSp3V,2.10,-1.05,-0.84,-0.63,-0.42,-0.21,0.21,0.42,0.63,0.84,1.05
Change Camel Spin Reduced Value,CCSp4V,2.40,-1.20,-0.96,-0.72,-0.48,-0.24,0.24,0.48,0.72,0.96,1.20
Flying Change Camel Spin,FCCSpB,1.70,-0.85,-0.68,-0.51,-0.34,-0.17,0.17,0.34,0.51,0.68,0.85
Flying Change Camel Spin,FCCSp1,2.00,-1.00,-0.80,-0.60,-0.40,-0.20,0.20,0.40,0.60,0.80,1.00
Flying Change Camel Spin,FCCSp2,2.30,-1.15,-0.92,-0.69,-0.46,-0.23,0.23,0.46,0.69,0.92,1.15
Flying Change Camel Spin,FCCSp3,2.80,-1.40,-1.12,-0.84,-0.56,-0.28,0.28,0.56,0.84,1.12,1.40
Flying Change Camel Spin,FCCSp4,3.20,-1.60,-1.28,-0.96,-0.64,-0.32,0.32,0.64,0.96,1.28,1.60
Flying Change Camel Spin Reduced Value,FCCSPBV,1.28,-0.64,-0.51,-0.38,-0.26,-0.13,0.13,0.26,0.38,0.51,0.64
Flying Change Camel Spin Reduced Value,FCCSp1V,1.50,-0.75,-0.60,-0.45,-0.30,-0.15,0.15,0.30,0.45,0.60,0.75
Flying Change Camel Spin Reduced Value,FCCSp2V,1.73,-0.87,-0.69,-0.52,-0.35,-0.17,0.17,0.35,0.52,0.69,0.87
Flying Change Camel Spin Reduced Value,FCCSp3V,2.10,-1.05,-0.84,-0.63,-0.42,-0.21,0.21,0.42,0.63,0.84,1.05
Flying Change Camel Spin Reduced Value,FCCSp4V,2.40,-1.20,-0.96,-0.72,-0.48,-0.24,0.24,0.48,0.72,0.96,1.20
Change Sit Spin,CSSpB,1.60,-0.80,-0.64,-0.48,-0.32,-0.16,0.16,0.32,0.48,0.64,0.80
Change Sit Spin,CSSp1,1.90,-0.95,-0.76,-0.57,-0.38,-0.19,0.19,0.38,0.57,0.76,0.95
Change Sit Spin,CSSp2,2.30,-1.15,-0.92,-0.69,-0.46,-0.23,0.23,0.46,0.69,0.92,1.15
Change Sit Spin,CSSp3,2.60,-1.30,-1.04,-0.78,-0.52,-0.26,0.26,0.52,0.78,1.04,1.30
Change Sit Spin,CSSp4,3.00,-1.50,-1.20,-0.90,-0.60,-0.30,0.30,0.60,0.90,1.20,1.50
Change Sit Spin Reduced Value,CSSpBV,1.20,-0.60,-0.48,-0.36,-0.24,-0.12,0.12,0.24,0.36,0.48,0.60
Change Sit Spin Reduced Value,CSSp1V,1.43,-0.72,-0.57,-0.43,-0.29,-0.14,0.14,0.29,0.43,0.57,0.72
Change Sit Spin Reduced Value,CSSp2V,1.73,-0.87,-0.69,-0.52,-0.35,-0.17,0.17,0.35,0.52,0.69,0.87
Change Sit Spin Reduced Value,CSSp3V,1.95,-0.98,-0.78,-0.59,-0.39,-0.20,0.20,0.39,0.59,0.78,0.98
Change Sit Spin Reduced Value,CSSp4V,2.25,-1.13,-0.90,-0.68,-0.45,-0.23,0.23,0.45,0.68,0.90,1.13
Flying Change Sit Spin,FCSSpB,1.60,-0.80,-0.64,-0.48,-0.32,-0.16,0.16,0.32,0.48,0.64,0.80
Flying Change Sit Spin,FCSSp1,1.90,-0.95,-0.76,-0.57,-0.38,-0.19,0.19,0.38,0.57,0.76,0.95
Flying Change Sit Spin,FCSSp2,2.30,-1.15,-0.92,-0.69,-0.46,-0.23,0.23,0.46,0.69,0.92,1.15
Flying Change Sit Spin,FCSSp3,2.60,-1.30,-1.04,-0.78,-0.52,-0.26,0.26,0.52,0.78,1.04,1.30
Flying Change Sit Spin,FCSSp4,3.00,-1.50,-1.20,-0.90,-0.60,-0.30,0.30,0.60,0.90,1.20,1.50
Flying Change Sit Spin Reduced Value,FCSSPBV,1.20,-0.60,-0.48,-0.36,-0.24,-0.12,0.12,0.24,0.36,0.48,0.60
Flying Change Sit Spin Reduced Value,FCSSp1V,1.43,-0.72,-0.57,-0.43,-0.29,-0.14,0.14,0.29,0.43,0.57,0.72
Flying Change Sit Spin Reduced Value,FCSSp2V,1.73,-0.87,-0.69,-0.52,-0.35,-0.17,0.17,0.35,0.52,0.69,0.87
Flying Change Sit Spin Reduced Value,FCSSp3V,1.95,-0.98,-0.78,-0.59,-0.39,-0.20,0.20,0.39,0.59,0.78,0.98
Flying Change Sit Spin Reduced Value,FCSSp4V,2.25,-1.13,-0.90,-0.68,-0.45,-0.23,0.23,0.45,0.68,0.90,1.13
Spin Combination,CoSpB,1.50,-0.75,-0.60,-0.45,-0.30,-0.15,0.15,0.30,0.45,0.60,0.75
Spin Combination,CoSp1,1.70,-0.85,-0.68,-0.51,-0.34,-0.17,0.17,0.34,0.51,0.68,0.85
Spin Combination,CoSp2,2.00,-1.00,-0.80,-0.60,-0.40,-0.20,0.20,0.40,0.60,0.80,1.00
Spin Combination,CoSp3,2.50,-1.25,-1.00,-0.75,-0.50,-0.25,0.25,0.50,0.75,1.00,1.25
Spin Combination,CoSp4,3.00,-1.50,-1.20,-0.90,-0.60,-0.30,0.30,0.60,0.90,1.20,1.50
Spin Combination Reduced Value,CoSpBV,1.13,-0.57,-0.45,-0.34,-0.23,-0.11,0.11,0.23,0.34,0.45,0.57
Spin Combination Reduced Value,CoSp1V,1.28,-0.64,-0.51,-0.38,-0.26,-0.13,0.13,0.26,0.38,0.51,0.64
Spin Combination Reduced Value,CoSp2V,1.50,-0.75,-0.60,-0.45,-0.30,-0.15,0.15,0.30,0.45,0.60,0.75
Spin Combination Reduced Value,CoSp3V,1.88,-0.94,-0.75,-0.56,-0.38,-0.19,0.19,0.38,0.56,0.75,0.94
Spin Combination Reduced Value,CoSp4V,2.25,-1.13,-0.90,-0.68,-0.45,-0.23,0.23,0.45,0.68,0.90,1.13
Flying Spin Combination,FCoSpB,1.50,-0.75,-0.60,-0.45,-0.30,-0.15,0.15,0.30,0.45,0.60,0.75
Flying Spin Combination,FCoSp1,1.70,-0.85,-0.68,-0.51,-0.34,-0.17,0.17,0.34,0.51,0.68,0.85
Flying Spin Combination,FCoSp2,2.00,-1.00,-0.80,-0.60,-0.40,-0.20,0.20,0.40,0.60,0.80,1.00
Flying Spin Combination,FCoSp3,2.50,-1.25,-1.00,-0.75,-0.50,-0.25,0.25,0.50,0.75,1.00,1.25
Flying Spin Combination,FCoSp4,3.00,-1.50,-1.20,-0.90,-0.60,-0.30,0.30,0.60,0.90,1.20,1.50
Flying Spin Combination Reduced Value,FCoSpBV,1.13,-0.57,-0.45,-0.34,-0.23,-0.11,0.11,0.23,0.34,0.45,0.57
Flying Spin Combination Reduced Value,FCoSp1V,1.28,-0.64,-0.51,-0.38,-0.26,-0.13,0.13,0.26,0.38,0.51,0.64
Flying Spin Combination Reduced Value,FCoSp2V,1.50,-0.75,-0.60,-0.45,-0.30,-0.15,0.15,0.30,0.45,0.60,0.75
Flying Spin Combination Reduced Value,FCoSp3V,1.88,-0.94,-0.75,-0.56,-0.38,-0.19,0.19,0.38,0.56,0.75,0.94
Flying Spin Combination Reduced Value,FCoSp4V,2.25,-1.13,-0.90,-0.68,-0.45,-0.23,0.23,0.45,0.68,0.90,1.13
Change Foot Spin Combination,CCoSpB,1.70,-0.85,-0.68,-0.51,-0.34,-0.17,0.17,0.34,0.51,0.68,0.85
Change Foot Spin Combination,CCoSp1,2.00,-1.00,-0.80,-0.60,-0.40,-0.20,0.20,0.40,0.60,0.80,1.00
Change Foot Spin Combination,CCoSp2,2.50,-1.25,-1.00,-0.75,-0.50,-0.25,0.25,0.50,0.75,1.00,1.25
Change Foot Spin Combination,CCoSp3,3.00,-1.50,-1.20,-0.90,-0.60,-0.30,0.30,0.60,0.90,1.20,1.50
Change Foot Spin Combination,CCoSp4,3.50,-1.75,-1.40,-1.05,-0.70,-0.35,0.35,0.70,1.05,1.40,1.75
Change Foot Spin Combination Reduced Value,CCoSpBV,1.28,-0.64,-0.51,-0.38,-0.26,-0.13,0.13,0.26,0.38,0.51,0.64
Change Foot Spin Combination Reduced Value,CCoSp1V,1.50,-0.75,-0.60,-0.45,-0.30,-0.15,0.15,0.30,0.45,0.60,0.75
Change Foot Spin Combination Reduced Value,CCoSp2V,1.88,-0.94,-0.75,-0.56,-0.38,-0.19,0.19,0.38,0.56,0.75,0.94
Change Foot Spin Combination Reduced Value,CCoSp3V,2.25,-1.13,-0.90,-0.68,-0.45,-0.23,0.23,0.45,0.68,0.90,1.13
Change Foot Spin Combination Reduced Value,CCoSp4V,2.63,-1.32,-1.05,-0.79,-0.53,-0.26,0.26,0.53,0.79,1.05,1.32
Flying Change Foot Spin Combination,FCCoSpB,1.70,-0.85,-0.68,-0.51,-0.34,-0.17,0.17,0.34,0.51,0.68,0.85
Flying Change Foot Spin Combination,FCCoSp1,2.00,-1.00,-0.80,-0.60,-0.40,-0.20,0.20,0.40,0.60,0.80,1.00
Flying Change Foot Spin Combination,FCCoSp2,2.50,-1.25,-1.00,-0.75,-0.50,-0.25,0.25,0.50,0.75,1.00,1.25
Flying Change Foot Spin Combination,FCCoSp3,3.00,-1.50,-1.20,-0.90,-0.60,-0.30,0.30,0.60,0.90,1.20,1.50
Flying Change Foot Spin Combination,FCCoSp4,3.50,-1.75,-1.40,-1.05,-0.70,-0.35,0.35,0.70,1.05,1.40,1.75
Flying Change Foot Spin Combination Reduced Value,FCCoSpBV,1.28,-0.64,-0.51,-0.38,-0.26,-0.13,0.13,0.26,0.38,0.51,0.64
Flying Change Foot Spin Combination Reduced Value,FCCoSp1V,1.50,-0.75,-0.60,-0.45,-0.30,-0.15,0.15,0.30,0.45,0.60,0.75
Flying Change Foot Spin Combination Reduced Value,FCCoSp2V,1.88,-0.94,-0.75,-0.56,-0.38,-0.19,0.19,0.38,0.56,0.75,0.94
Flying Change Foot Spin Combination Reduced Value,FCCoSp3V,2.25,-1.13,-0.90,-0.68,-0.45,-0.23,0.23,0.45,0.68,0.90,1.13
Flying Change Foot Spin Combination Reduced Value,FCCoSp4V,2.63,-1.32,-1.05,-0.79,-0.53,-0.26,0.26,0.53,0.79,1.05,1.32
Step Sequence,StSqB,1.50,-0.75,-0.60,-0.45,-0.30,-0.15,0.15,0.30,0.45,0.60,0.75
Step Sequence,StSq1,1.80,-0.90,-0.72,-0.54,-0.36,-0.18,0.18,0.36,0.54,0.72,0.90
Step Sequence,StSq2,2.60,-1.30,-1.04,-0.78,-0.52,-0.26,0.26,0.52,0.78,1.04,1.30
Step Sequence,StSq3,3.30,-1.65,-1.32,-0.99,-0.66,-0.33,0.33,0.66,0.99,1.32,1.65
Step Sequence,StSq4,3.90,-1.95,-1.56,-1.17,-0.78,-0.39,0.39,0.78,1.17,1.56,1.95
Choreographic Step Sequence,ChSq1,3.00,-2.50,-2.00,-1.50,-1.00,-0.50,0.50,1.00,1.50,2.00,2.50
Lift Group 1,1LiB,1.40,-0.70,-0.56,-0.42,-0.28,-0.14,0.14,0.28,0.42,0.56,0.70
Lift Group 1,1Li1,1.50,-0.75,-0.60,-0.45,-0.30,-0.15,0.15,0.30,0.45,0.60,0.75
Lift Group 1,1Li2,1.70,-0.85,-0.68,-0.51,-0.34,-0.17,0.17,0.34,0.51,0.68,0.85
Lift Group 1,1Li3,1.90,-0.95,-0.76,-0.57,-0.38,-0.19,0.19,0.38,0.57,0.76,0.95
Lift Group 1,1Li4,2.10,-1.05,-0.84,-0.63,-0.42,-0.21,0.21,0.42,0.63,0.84,1.05
Lift Group 2,2LIB,1.50,-0.75,-0.60,-0.45,-0.30,-0.15,0.15,0.30,0.45,0.60,0.75
Lift Group 2,2Li1,1.90,-0.95,-0.76,-0.57,-0.38,-0.19,0.19,0.38,0.57,0.76,0.95
Lift Group 2,2Li2,2.30,-1.15,-0.92,-0.69,-0.46,-0.23,0.23,0.46,0.69,0.92,1.15
Lift Group 2,2Li3,2.70,-1.35,-1.08,-0.81,-0.54,-0.27,0.27,0.54,0.81,1.08,1.35
Lift Group 2,2Li4,3.10,-1.55,-1.24,-0.93,-0.62,-0.31,0.31,0.62,0.93,1.24,1.55
Lift Group 3,3LIB,3.50,-1.75,-1.40,-1.05,-0.70,-0.35,0.35,0.70,1.05,1.40,1.75
Lift Group 3,3Li1,3.90,-1.95,-1.56,-1.17,-0.78,-0.39,0.39,0.78,1.17,1.56,1.95
Lift Group 3,3Li2,4.30,-2.15,-1.72,-1.29,-0.86,-0.43,0.43,0.86,1.29,1.72,2.15
Lift Group 3,3L13,4.70,-2.35,-1.88,-1.41,-0.94,-0.47,0.47,0.94,1.41,1.88,2.35
Lift Group 3,3Li4,5.10,-2.55,-2.04,-1.53,-1.02,-0.51,0.51,1.02,1.53,2.04,2.55
Lift Group 4,4LIB,3.50,-1.75,-1.40,-1.05,-0.70,-0.35,0.35,0.70,1.05,1.40,1.75
Lift Group 4,4Li1,3.90,-1.95,-1.56,-1.17,-0.78,-0.39,0.39,0.78,1.17,1.56,1.95
Lift Group 4,4Li2,4.30,-2.15,-1.72,-1.29,-0.86,-0.43,0.43,0.86,1.29,1.72,2.15
Lift Group 4,4Li3,4.70,-2.35,-1.88,-1.41,-0.94,-0.47,0.47,0.94,1.41,1.88,2.35
Lift Group 4,4Li4,5.10,-2.55,-2.04,-1.53,-1.02,-0.51,0.51,1.02,1.53,2.04,2.55
Lift Group 5S,5SLIB,4.60,-2.30,-1.84,-1.38,-0.92,-0.46,0.46,0.92,1.38,1.84,2.30
Lift Group 5S,5SLI1,5.00,-2.50,-2.00,-1.50,-1.00,-0.50,0.50,1.00,1.50,2.00,2.50
Lift Group 5S,5SLi2,5.40,-2.70,-2.16,-1.62,-1.08,-0.54,0.54,1.08,1.62,2.16,2.70
Lift Group 5S,5SL13,5.80,-2.90,-2.32,-1.74,-1.16,-0.58,0.58,1.16,1.74,2.32,2.90
Lift Group 5S,5SLi4,6.20,-3.10,-2.48,-1.86,-1.24,-0.62,0.62,1.24,1.86,2.48,3.10
Lift Group 5T,5TLIB,4.60,-2.30,-1.84,-1.38,-0.92,-0.46,0.46,0.92,1.38,1.84,2.30
Lift Group 5T,5TLi1,5.00,-2.50,-2.00,-1.50,-1.00,-0.50,0.50,1.00,1.50,2.00,2.50
Lift Group 5T,5TLi2,5.40,-2.70,-2.16,-1.62,-1.08,-0.54,0.54,1.08,1.62,2.16,2.70
Lift Group 5T,5TL13,5.80,-2.90,-2.32,-1.74,-1.16,-0.58,0.58,1.16,1.74,2.32,2.90
Lift Group 5T,5TLi4,6.20,-3.10,-2.48,-1.86,-1.24,-0.62,0.62,1.24,1.86,2.48,3.10
Lift Group 5B,5BLIB,5.00,-2.50,-2.00,-1.50,-1.00,-0.50,0.50,1.00,1.50,2.00,2.50
Lift Group 5B,5BLi1,5.40,-2.70,-2.16,-1.62,-1.08,-0.54,0.54,1.08,1.62,2.16,2.70
Lift Group 5B,5BLi2,5.80,-2.90,-2.32,-1.74,-1.16,-0.58,0.58,1.16,1.74,2.32,2.90
Lift Group 5B,5BLI3,6.20,-3.10,-2.48,-1.86,-1.24,-0.62,0.62,1.24,1.86,2.48,3.10
Lift Group 5B,5BLI4,6.50,-3.25,-2.60,-1.95,-1.30,-0.65,0.65,1.30,1.95,2.60,3.25
Lift Group 5A,5ALIB,5.40,-2.70,-2.16,-1.62,-1.08,-0.54,0.54,1.08,1.62,2.16,2.70
Lift Group 5A,5ALI1,5.80,-2.90,-2.32,-1.74,-1.16,-0.58,0.58,1.16,1.74,2.32,2.90
Lift Group 5A,5ALI2,6.20,-3.10,-2.48,-1.86,-1.24,-0.62,0.62,1.24,1.86,2.48,3.10
Lift Group 5A,5ALI3,6.60,-3.30,-2.64,-1.98,-1.32,-0.66,0.66,1.32,1.98,2.64,3.30
Lift Group 5A,5ALI4,7.00,-3.50,-2.80,-2.10,-1.40,-0.70,0.70,1.40,2.10,2.80,3.50
Lift Group 5R,5RLIB,5.40,-2.70,-2.16,-1.62,-1.08,-0.54,0.54,1.08,1.62,2.16,2.70
Lift Group 5R,5RLI1,5.80,-2.90,-2.32,-1.74,-1.16,-0.58,0.58,1.16,1.74,2.32,2.90
Lift Group 5R,5RLI2,6.20,-3.10,-2.48,-1.86,-1.24,-0.62,0.62,1.24,1.86,2.48,3.10
Lift Group 5R,5RL13,6.60,-3.30,-2.64,-1.98,-1.32,-0.66,0.66,1.32,1.98,2.64,3.30
Lift Group 5R,5RLi4,7.00,-3.50,-2.80,-2.10,-1.40,-0.70,0.70,1.40,2.10,2.80,3.50
1Twist,1TwB,0.90,-0.45,-0.36,-0.27,-0.18,-0.09,0.09,0.18,0.27,0.36,0.45
1Twist,1Tw1,1.10,-0.55,-0.44,-0.33,-0.22,-0.11,0.11,0.22,0.33,0.44,0.55
1Twist,1Tw2,1.30,-0.65,-0.52,-0.39,-0.26,-0.13,0.13,0.26,0.39,0.52,0.65
1Twist,1Tw3,1.50,-0.75,-0.60,-0.45,-0.30,-0.15,0.15,0.30,0.45,0.60,0.75
1Twist,1Tw4,1.70,-0.85,-0.68,-0.51,-0.34,-0.17,0.17,0.34,0.51,0.68,0.85
1Twist Downgraded,1TwB<<,0.00,0.00,0.00,0.00,0.00,0.00,0.00,0.00,0.00,0.00,0.00
1Twist Downgraded,1Tw1<<,0.00,0.00,0.00,0.00,0.00,0.00,0.00,0.00,0.00,0.00,0.00
1Twist Downgraded,1Tw2<<,0.00,0.00,0.00,0.00,0.00,0.00,0.00,0.00,0.00,0.00,0.00
1Twist Downgraded,1Tw3<<,0.00,0.00,0.00,0.00,0.00,0.00,0.00,0.00,0.00,0.00,0.00
1Twist Downgraded,1Tw4<<,0.00,0.00,0.00,0.00,0.00,0.00,0.00,0.00,0.00,0.00,0.00
2Twist,2TwB,2.60,-1.30,-1.04,-0.78,-0.52,-0.26,0.26,0.52,0.78,1.04,1.30
2Twist,2Tw1,2.80,-1.40,-1.12,-0.84,-0.56,-0.28,0.28,0.56,0.84,1.12,1.40
2Twist,2Tw2,3.00,-1.50,-1.20,-0.90,-0.60,-0.30,0.30,0.60,0.90,1.20,1.50
2Twist,2Tw3,3.20,-1.60,-1.28,-0.96,-0.64,-0.32,0.32,0.64,0.96,1.28,1.60
2Twist,2Tw4,3.40,-1.70,-1.36,-1.02,-0.68,-0.34,0.34,0.68,1.02,1.36,1.70
2Twist Downgraded,2TwB<<,0.90,-0.45,-0.36,-0.27,-0.18,-0.09,0.09,0.18,0.27,0.36,0.45
2Twist Downgraded,2Tw1<<,1.10,-0.55,-0.44,-0.33,-0.22,-0.11,0.11,0.22,0.33,0.44,0.55
2Twist Downgraded,2Tw2<<,1.30,-0.65,-0.52,-0.39,-0.26,-0.13,0.13,0.26,0.39,0.52,0.65
2Twist Downgraded,2Tw3<<,1.50,-0.75,-0.60,-0.45,-0.30,-0.15,0.15,0.30,0.45,0.60,0.75
2Twist Downgraded,2Tw4<<,1.70,-0.85,-0.68,-0.51,-0.34,-0.17,0.17,0.34,0.51,0.68,0.85
3Twist,3TwB,4.80,-2.40,-1.92,-1.44,-0.96,-0.48,0.48,0.96,1.44,1.92,2.40
3Twist,3Tw1,5.10,-2.55,-2.04,-1.53,-1.02,-0.51,0.51,1.02,1.53,2.04,2.55
3Twist,3Tw2,5.40,-2.70,-2.16,-1.62,-1.08,-0.54,0.54,1.08,1.62,2.16,2.70
3Twist,3Tw3,5.70,-2.85,-2.28,-1.71,-1.14,-0.57,0.57,1.14,1.71,2.28,2.85
3Twist,3Tw4,6.00,-3.00,-2.40,-1.80,-1.20,-0.60,0.60,1.20,1.80,2.40,3.00
3Twist Downgraded,3TwB<<,2.60,-1.30,-1.04,-0.78,-0.52,-0.26,0.26,0.52,0.78,1.04,1.30
3Twist Downgraded,3Tw1<<,2.80,-1.40,-1.12,-0.84,-0.56,-0.28,0.28,0.56,0.84,1.12,1.40
3Twist Downgraded,3Tw2<<,3.00,-1.50,-1.20,-0.90,-0.60,-0.30,0.30,0.60,0.90,1.20,1.50
3Twist Downgraded,3Tw3<<,3.20,-1.60,-1.28,-0.96,-0.64,-0.32,0.32,0.64,0.96,1.28,1.60
3Twist Downgraded,3Tw4<<,3.40,-1.70,-1.36,-1.02,-0.68,-0.34,0.34,0.68,1.02,1.36,1.70
4Twist,4TwB,6.40,-3.20,-2.56,-1.92,-1.28,-0.64,0.64,1.28,1.92,2.56,3.20
4Twist,4Tw1,6.80,-3.40,-2.72,-2.04,-1.36,-0.68,0.68,1.36,2.04,2.72,3.40
4Twist,4Tw2,7.20,-3.60,-2.88,-2.16,-1.44,-0.72,0.72,1.44,2.16,2.88,3.60
4Twist,4Tw3,7.60,-3.80,-3.04,-2.28,-1.52,-0.76,0.76,1.52,2.28,3.04,3.80
4Twist,4Tw4,8.00,-4.00,-3.20,-2.40,-1.60,-0.80,0.80,1.60,2.40,3.20,4.00
4Twist Downgraded,4TwB<<,4.80,-2.40,-1.92,-1.44,-0.96,-0.48,0.48,0.96,1.44,1.92,2.40
4Twist Downgraded,4Tw1<<,5.10,-2.55,-2.04,-1.53,-1.02,-0.51,0.51,1.02,1.53,2.04,2.55
4Twist Downgraded,4Tw2<<,5.40,-2.70,-2.16,-1.62,-1.08,-0.54,0.54,1.08,1.62,2.16,2.70
4Twist Downgraded,4Tw3<<,5.70,-2.85,-2.28,-1.71,-1.14,-0.57,0.57,1.14,1.71,2.28,2.85
4Twist Downgraded,4Tw4<<,6.00,-3.00,-2.40,-1.80,-1.20,-0.60,0.60,1.20,1.80,2.40,3.00
1T Throw,1TTh,1.10,-0.55,-0.44,-0.33,-0.22,-0.11,0.11,0.22,0.33,0.44,0.55
1S Throw,1STh,1.10,-0.55,-0.44,-0.33,-0.22,-0.11,0.11,0.22,0.33,0.44,0.55
1Lo Throw,1LoTh,1.40,-0.70,-0.56,-0.42,-0.28,-0.14,0.14,0.28,0.42,0.56,0.70
1F Throw,1FTh,1.40,-0.70,-0.56,-0.42,-0.28,-0.14,0.14,0.28,0.42,0.56,0.70
1Lz Throw,1LzTh,1.40,-0.70,-0.56,-0.42,-0.28,-0.14,0.14,0.28,0.42,0.56,0.70
1T Throw q,1TThq,1.10,-0.55,-0.44,-0.33,-0.22,-0.11,0.11,0.22,0.33,0.44,0.55
1S Throw q,1SThq,1.10,-0.55,-0.44,-0.33,-0.22,-0.11,0.11,0.22,0.33,0.44,0.55
1Lo Throw q,1LoThq,1.40,-0.70,-0.56,-0.42,-0.28,-0.14,0.14,0.28,0.42,0.56,0.70
1F Throw q,1FThq,1.40,-0.70,-0.56,-0.42,-0.28,-0.14,0.14,0.28,0.42,0.56,0.70
1Lz Throw q,1LzThq,1.40,-0.70,-0.56,-0.42,-0.28,-0.14,0.14,0.28,0.42,0.56,0.70
1T Throw <,1TTh<,0.83,-0.42,-0.33,-0.25,-0.17,-0.08,0.08,0.17,0.25,0.33,0.42
1S Throw <,1STh<,0.83,-0.42,-0.33,-0.25,-0.17,-0.08,0.08,0.17,0.25,0.33,0.42
1Lo Throw <,1LoTh<,1.05,-0.53,-0.42,-0.32,-0.21,-0.11,0.11,0.21,0.32,0.42,0.53
1F Throw <,1FTh<,1.05,-0.53,-0.42,-0.32,-0.21,-0.11,0.11,0.21,0.32,0.42,0.53
1Lz Throw <,1LzTh<,1.05,-0.53,-0.42,-0.32,-0.21,-0.11,0.11,0.21,0.32,0.42,0.53
1T Throw <<,1TTh<<,0.00,0.00,0.00,0.00,0.00,0.00,0.00,0.00,0.00,0.00,0.00
1S Throw <<,1STh<<,0.00,0.00,0.00,0.00,0.00,0.00,0.00,0.00,0.00,0.00,0.00
1Lo Throw <<,1LoTh<<,0.00,0.00,0.00,0.00,0.00,0.00,0.00,0.00,0.00,0.00,0.00
1F Throw <<,1FTh<<,0.00,0.00,0.00,0.00,0.00,0.00,0.00,0.00,0.00,0.00,0.00
1Lz Throw <<,1LzTh<<,0.00,0.00,0.00,0.00,0.00,0.00,0.00,0.00,0.00,0.00,0.00
1A Throw,1ATh,2.20,-1.10,-0.88,-0.66,-0.44,-0.22,0.22,0.44,0.66,0.88,1.10
2T Throw,2TTh,2.50,-1.25,-1.00,-0.75,-0.50,-0.25,0.25,0.50,0.75,1.00,1.25
2S Throw,2STh,2.50,-1.25,-1.00,-0.75,-0.50,-0.25,0.25,0.50,0.75,1.00,1.25
2Lo Throw,2LoTh,2.80,-1.40,-1.12,-0.84,-0.56,-0.28,0.28,0.56,0.84,1.12,1.40
2F Throw,2FTh,3.00,-1.50,-1.20,-0.90,-0.60,-0.30,0.30,0.60,0.90,1.20,1.50
2Lz Throw,2LzTh,3.00,-1.50,-1.20,-0.90,-0.60,-0.30,0.30,0.60,0.90,1.20,1.50
1A Throw q,1AThq,2.20,-1.10,-0.88,-0.66,-0.44,-0.22,0.22,0.44,0.66,0.88,1.10
2T Throw q,2TThq,2.50,-1.25,-1.00,-0.75,-0.50,-0.25,0.25,0.50,0.75,1.00,1.25
2S Throw q,2SThq,2.50,-1.25,-1.00,-0.75,-0.50,-0.25,0.25,0.50,0.75,1.00,1.25
2Lo Throw q,2LoThq,2.80,-1.40,-1.12,-0.84,-0.56,-0.28,0.28,0.56,0.84,1.12,1.40
2F Throw q,2FThq,3.00,-1.50,-1.20,-0.90,-0.60,-0.30,0.30,0.60,0.90,1.20,1.50
2Lz Throw q,2LzThq,3.00,-1.50,-1.20,-0.90,-0.60,-0.30,0.30,0.60,0.90,1.20,1.50
1A Throw <,1ATh<,1.65,-0.83,-0.66,-0.50,-0.33,-0.17,0.17,0.33,0.50,0.66,0.83
2T Throw <,2TTh<,1.88,-0.94,-0.75,-0.56,-0.38,-0.19,0.19,0.38,0.56,0.75,0.94
2S Throw <,2STh<,1.88,-0.94,-0.75,-0.56,-0.38,-0.19,0.19,0.38,0.56,0.75,0.94
2Lo Throw <,2LoTh<,2.10,-1.05,-0.84,-0.63,-0.42,-0.21,0.21,0.42,0.63,0.84,1.05
2F Throw <,2FTh<,2.25,-1.13,-0.90,-0.68,-0.45,-0.23,0.23,0.45,0.68,0.90,1.13
2Lz Throw <,2LzTh<,2.25,-1.13,-0.90,-0.68,-0.45,-0.23,0.23,0.45,0.68,0.90,1.13
1A Throw <<,1ATh<<,0.00,0.00,0.00,0.00,0.00,0.00,0.00,0.00,0.00,0.00,0.00
2T Throw <<,2TTh<<,1.10,-0.55,-0.44,-0.33,-0.22,-0.11,0.11,0.22,0.33,0.44,0.55
2S Throw <<,2STh<<,1.10,-0.55,-0.44,-0.33,-0.22,-0.11,0.11,0.22,0.33,0.44,0.55
2Lo Throw <<,2LoTh<<,1.40,-0.70,-0.56,-0.42,-0.28,-0.14,0.14,0.28,0.42,0.56,0.70
2F Throw <<,2FTh<<,1.40,-0.70,-0.56,-0.42,-0.28,-0.14,0.14,0.28,0.42,0.56,0.70
2Lz Throw <<,2LzTh<<,1.40,-0.70,-0.56,-0.42,-0.28,-0.14,0.14,0.28,0.42,0.56,0.70
2A Throw,2ATh,4.00,-2.00,-1.60,-1.20,-0.80,-0.40,0.40,0.80,1.20,1.60,2.00
3T Throw,3TTh,4.40,-2.20,-1.76,-1.32,-0.88,-0.44,0.44,0.88,1.32,1.76,2.20
3S Throw,3STh,4.40,-2.20,-1.76,-1.32,-0.88,-0.44,0.44,0.88,1.32,1.76,2.20
3Lo Throw,3LoTh,5.00,-2.50,-2.00,-1.50,-1.00,-0.50,0.50,1.00,1.50,2.00,2.50
3F Throw,3FTh,5.30,-2.65,-2.12,-1.59,-1.06,-0.53,0.53,1.06,1.59,2.12,2.65
3Lz Throw,3LzTh,5.30,-2.65,-2.12,-1.59,-1.06,-0.53,0.53,1.06,1.59,2.12,2.65
2A Throw q,2AThq,4.00,-2.00,-1.60,-1.20,-0.80,-0.40,0.40,0.80,1.20,1.60,2.00
3T Throw q,3T Thq,4.40,-2.20,-1.76,-1.32,-0.88,-0.44,0.44,0.88,1.32,1.76,2.20
3S Throw q,3SThq,4.40,-2.20,-1.76,-1.32,-0.88,-0.44,0.44,0.88,1.32,1.76,2.20
3Lo Throw q,3LoThq,5.00,-2.50,-2.00,-1.50,-1.00,-0.50,0.50,1.00,1.50,2.00,2.50
3F Throw q,3FThq,5.30,-2.65,-2.12,-1.59,-1.06,-0.53,0.53,1.06,1.59,2.12,2.65
3Lz Throw q,3LzThq,5.30,-2.65,-2.12,-1.59,-1.06,-0.53,0.53,1.06,1.59,2.12,2.65
2A Throw <,2ATh<,3.00,-1.50,-1.20,-0.90,-0.60,-0.30,0.30,0.60,0.90,1.20,1.50
3T Throw <,3TTh<,3.30,-1.65,-1.32,-0.99,-0.66,-0.33,0.33,0.66,0.99,1.32,1.65
3S Throw <,3STh<,3.30,-1.65,-1.32,-0.99,-0.66,-0.33,0.33,0.66,0.99,1.32,1.65
3Lo Throw <,3LoTh<,3.75,-1.88,-1.50,-1.13,-0.75,-0.38,0.38,0.75,1.13,1.50,1.88
3F Throw <,3FTh<,3.98,-1.99,-1.59,-1.19,-0.80,-0.40,0.40,0.80,1.19,1.59,1.99
3Lz Throw <,3LzTh<,3.98,-1.99,-1.59,-1.19,-0.80,-0.40,0.40,0.80,1.19,1.59,1.99
2A Throw <<,2ATh<<,2.20,-1.10,-0.88,-0.66,-0.44,-0.22,0.22,0.44,0.66,0.88,1.10
3T Throw <<,3TTh<<,2.50,-1.25,-1.00,-0.75,-0.50,-0.25,0.25,0.50,0.75,1.00,1.25
3S Throw <<,3STh<<,2.50,-1.25,-1.00,-0.75,-0.50,-0.25,0.25,0.50,0.75,1.00,1.25
3Lo Throw <<,3LoTh<<,2.80,-1.40,-1.12,-0.84,-0.56,-0.28,0.28,0.56,0.84,1.12,1.40
3F Throw <<,3FTh<<,3.00,-1.50,-1.20,-0.90,-0.60,-0.30,0.30,0.60,0.90,1.20,1.50
3Lz Throw <<,3LzTh<<,3.00,-1.50,-1.20,-0.90,-0.60,-0.30,0.30,0.60,0.90,1.20,1.50
3A Throw,3ATh,6.00,-3.00,-2.40,-1.80,-1.20,-0.60,0.60,1.20,1.80,2.40,3.00
4T Throw,4TTh,6.50,-3.25,-2.60,-1.95,-1.30,-0.65,0.65,1.30,1.95,2.60,3.25
4S Throw,4STh,6.50,-3.25,-2.60,-1.95,-1.30,-0.65,0.65,1.30,1.95,2.60,3.25
4Lo Throw,4LoTh,7.00,-3.50,-2.80,-2.10,-1.40,-0.70,0.70,1.40,2.10,2.80,3.50
4F Throw,4FTh,7.50,-3.75,-3.00,-2.25,-1.50,-0.75,0.75,1.50,2.25,3.00,3.75
4Lz Throw,4LzTh,7.50,-3.75,-3.00,-2.25,-1.50,-0.75,0.75,1.50,2.25,3.00,3.75
3A Throw q,3AThq,6.00,-3.00,-2.40,-1.80,-1.20,-0.60,0.60,1.20,1.80,2.40,3.00
4T Throw q,4TThq,6.50,-3.25,-2.60,-1.95,-1.30,-0.65,0.65,1.30,1.95,2.60,3.25
4S Throw q,4SThq,6.50,-3.25,-2.60,-1.95,-1.30,-0.65,0.65,1.30,1.95,2.60,3.25
4Lo Throw q,4LoThq,7.00,-3.50,-2.80,-2.10,-1.40,-0.70,0.70,1.40,2.10,2.80,3.50
4F Throw q,4FThq,7.50,-3.75,-3.00,-2.25,-1.50,-0.75,0.75,1.50,2.25,3.00,3.75
4Lz Throw q,4LzThq,7.50,-3.75,-3.00,-2.25,-1.50,-0.75,0.75,1.50,2.25,3.00,3.75
3A Throw <,3ATh<,4.50,-2.25,-1.80,-1.35,-0.90,-0.45,0.45,0.90,1.35,1.80,2.25
4T Throw <,4TTh<,4.88,-2.44,-1.95,-1.46,-0.98,-0.49,0.49,0.98,1.46,1.95,2.44
4S Throw <,4STh<,4.88,-2.44,-1.95,-1.46,-0.98,-0.49,0.49,0.98,1.46,1.95,2.44
4Lo Throw <,4LoTh<,5.25,-2.63,-2.10,-1.58,-1.05,-0.53,0.53,1.05,1.58,2.10,2.63
4F Throw <,4FTh<,5.63,-2.82,-2.25,-1.69,-1.13,-0.56,0.56,1.13,1.69,2.25,2.82
4Lz Throw <,4LzTh<,5.63,-2.82,-2.25,-1.69,-1.13,-0.56,0.56,1.13,1.69,2.25,2.82
3A Throw <<,3ATh<<,4.00,-2.00,-1.60,-1.20,-0.80,-0.40,0.40,0.80,1.20,1.60,2.00
4T Throw <<,4TTh<<,4.40,-2.20,-1.76,-1.32,-0.88,-0.44,0.44,0.88,1.32,1.76,2.20
4S Throw <<,4STh<<,4.40,-2.20,-1.76,-1.32,-0.88,-0.44,0.44,0.88,1.32,1.76,2.20
4Lo Throw <<,4LoTh<<,5.00,-2.50,-2.00,-1.50,-1.00,-0.50,0.50,1.00,1.50,2.00,2.50
4F Throw <<,4FTh<<,5.30,-2.65,-2.12,-1.59,-1.06,-0.53,0.53,1.06,1.59,2.12,2.65
4Lz Throw <<,4LzTh<<,5.30,-2.65,-2.12,-1.59,-1.06,-0.53,0.53,1.06,1.59,2.12,2.65
Backward Inside Death Spiral,BiDsB,2.80,-1.40,-1.12,-0.84,-0.56,-0.28,0.28,0.56,0.84,1.12,1.40
Backward Inside Death Spiral,BiDs1,3.10,-1.55,-1.24,-0.93,-0.62,-0.31,0.31,0.62,0.93,1.24,1.55
Backward Inside Death Spiral,BiDs2,3.40,-1.70,-1.36,-1.02,-0.68,-0.34,0.34,0.68,1.02,1.36,1.70
Backward Inside Death Spiral,BiDs3,3.70,-1.85,-1.48,-1.11,-0.74,-0.37,0.37,0.74,1.11,1.48,1.85
Backward Inside Death Spiral,BiDs4,4.00,-2.00,-1.60,-1.20,-0.80,-0.40,0.40,0.80,1.20,1.60,2.00
Forward Inside Death Spiral,FiDsB,2.60,-1.30,-1.04,-0.78,-0.52,-0.26,0.26,0.52,0.78,1.04,1.30
Forward Inside Death Spiral,FiDs1,2.90,-1.45,-1.16,-0.87,-0.58,-0.29,0.29,0.58,0.87,1.16,1.45
Forward Inside Death Spiral,FiDs2,3.20,-1.60,-1.28,-0.96,-0.64,-0.32,0.32,0.64,0.96,1.28,1.60
Forward Inside Death Spiral,FiDs3,3.50,-1.75,-1.40,-1.05,-0.70,-0.35,0.35,0.70,1.05,1.40,1.75
Forward Inside Death Spiral,FiDs4,3.80,-1.90,-1.52,-1.14,-0.76,-0.38,0.38,0.76,1.14,1.52,1.90
Backward Outside Death Spiral,BoDsB,3.20,-1.60,-1.28,-0.96,-0.64,-0.32,0.32,0.64,0.96,1.28,1.60
Backward Outside Death Spiral,BoDs1,3.60,-1.80,-1.44,-1.08,-0.72,-0.36,0.36,0.72,1.08,1.44,1.80
Backward Outside Death Spiral,BoDs2,4.00,-2.00,-1.60,-1.20,-0.80,-0.40,0.40,0.80,1.20,1.60,2.00
Backward Outside Death Spiral,BoDs3,4.40,-2.20,-1.76,-1.32,-0.88,-0.44,0.44,0.88,1.32,1.76,2.20
Backward Outside Death Spiral,BoDs4,4.80,-2.40,-1.92,-1.44,-0.96,-0.48,0.48,0.96,1.44,1.92,2.40
Forward Outside Death Spiral,FoDsB,3.50,-1.75,-1.40,-1.05,-0.70,-0.35,0.35,0.70,1.05,1.40,1.75
Forward Outside Death Spiral,FoDs1,3.90,-1.95,-1.56,-1.17,-0.78,-0.39,0.39,0.78,1.17,1.56,1.95
Forward Outside Death Spiral,FoDs2,4.30,-2.15,-1.72,-1.29,-0.86,-0.43,0.43,0.86,1.29,1.72,2.15
Forward Outside Death Spiral,FoDs3,4.70,-2.35,-1.88,-1.41,-0.94,-0.47,0.47,0.94,1.41,1.88,2.35
Forward Outside Death Spiral,FoDs4,5.10,-2.55,-2.04,-1.53,-1.02,-0.51,0.51,1.02,1.53,2.04,2.55
Pivot Figure,PiF1,2.20,-1.10,-0.88,-0.66,-0.44,-0.22,0.22,0.44,0.66,0.88,1.10
Pair Spin,PSPB,1.70,-0.85,-0.68,-0.51,-0.34,-0.17,0.17,0.34,0.51,0.68,0.85
Pair Spin,PSp1,2.00,-1.00,-0.80,-0.60,-0.40,-0.20,0.20,0.40,0.60,0.80,1.00
Pair Spin,PSp2,2.50,-1.25,-1.00,-0.75,-0.50,-0.25,0.25,0.50,0.75,1.00,1.25
Pair Spin,PSp3,3.00,-1.50,-1.20,-0.90,-0.60,-0.30,0.30,0.60,0.90,1.20,1.50
Pair Spin,PSp4,3.50,-1.75,-1.40,-1.05,-0.70,-0.35,0.35,0.70,1.05,1.40,1.75
Pair Spin Combination,PCoSpB,2.50,-1.25,-1.00,-0.75,-0.50,-0.25,0.25,0.50,0.75,1.00,1.25
Pair Spin Combination,PCoSp1,3.00,-1.50,-1.20,-0.90,-0.60,-0.30,0.30,0.60,0.90,1.20,1.50
Pair Spin Combination,PCoSp2,3.50,-1.75,-1.40,-1.05,-0.70,-0.35,0.35,0.70,1.05,1.40,1.75
Pair Spin Combination,PCoSp3,4.00,-2.00,-1.60,-1.20,-0.80,-0.40,0.40,0.80,1.20,1.60,2.00
Pair Spin Combination,PCoSp4,4.50,-2.25,-1.80,-1.35,-0.90,-0.45,0.45,0.90,1.35,1.80,2.25
Pair Spin Combination Reduced Value,PCoSpBV,1.88,-0.94,-0.75,-0.56,-0.38,-0.19,0.19,0.38,0.56,0.75,0.94
Pair Spin Combination Reduced Value,PCoSp1V,2.25,-1.13,-0.90,-0.68,-0.45,-0.23,0.23,0.45,0.68,0.90,1.13
Pair Spin Combination Reduced Value,PCoSp2V,2.63,-1.32,-1.05,-0.79,-0.53,-0.26,0.26,0.53,0.79,1.05,1.32
Pair Spin Combination Reduced Value,PCoSp3V,3.00,-1.50,-1.20,-0.90,-0.60,-0.30,0.30,0.60,0.90,1.20,1.50
Pair Spin Combination Reduced Value,PCoSp4V,3.38,-1.69,-1.35,-1.01,-0.68,-0.34,0.34,0.68,1.01,1.35,1.69